<?xml version="1.0" encoding="UTF-8"?><metadata>
    <idinfo>
        <citation>
            <citeinfo>
                <title>ParcelBasefile_2024_Syracuse</title>
                <geoform>vector digital data</geoform>
            </citeinfo>
        </citation>
        <descript>
            <abstract>Data Dictionary:We are also including a tabular version that’s slightly more comprehensive (would include anything that didn’t join to the parcel basefile due to lot alterations or resubdivisions since 2024). This Excel file can be downloaded [HERE], and does not contain latitude and longitude information.
  Attribute
  Label
  Definition
  Source
 
 
  TAX_ID
  Unique
  26 character property tax identification number
  Onondaga
  County Planning
 
 
  SHAPE_Leng
  Shape
  length
  NA
  - Calculated field
 
 
  SHAPE_Area
  Shape
  area
  NA
  - Calculated field
 
 
  PRINTKEY
  Abbreviated
  tax identification number (section-block-lot)
  Onondaga
  County Planning
 
 
  ADDRESSNUM
  Property’s
  physical street address
  Onondaga
  County Planning
 
 
  ADDRESSNAM
  Property’s
  physical street name
  Onondaga
  County Planning
 
 
  TAX_ID
  City
  Tax ID number (26 digit number used for parcel mapping)
  City
  of Syracuse - Assessment
 
 
  SBL
  Property
  Tax Map Number (Section, Block, Lot)
  City
  of Syracuse - Assessment
 
 
  PNUMBR
  Property
  Number (10 digit number)
  City
  of Syracuse - Assessment
 
 
  StNum
  Parcel
  street number
  City
  of Syracuse - Assessment
 
 
  StName
  Parcel
  street name
  City
  of Syracuse - Assessment
 
 
  FullAddress
  Street
  number and street name
  City
  of Syracuse - Assessment
 
 
  Zip
  Parcel
  zip code
  City
  of Syracuse - Assessment
 
 
  desc_1
  Lot
  description including dimensions
  City
  of Syracuse - Assessment
 
 
  desc_2
  Lot
  description including dimensions
  City
  of Syracuse - Assessment
 
 
  desc_3
  Lot
  description including dimensions
  City
  of Syracuse - Assessment
 
 
  SHAPE_IND
   
  City
  of Syracuse - Assessment
 
 
  LUC_parcel
  New
  York State property type classification code assigned by assessor during each
  roll categorizing the property by use. For more details:
  https://www.tax.ny.gov/research/property/assess/manuals/prclas.htm
  City
  of Syracuse - Assessment
 
 
  LU_parcel
  New
  York State property type classification name
  City
  of Syracuse - Assessment
 
 
  LUCat_Old
  Legacy
  land use category that corresponds to the overarching NYS category, i.e. all
  400s = commercial, all 300s = vacant land, etc.
  NA
 
 
  land_av
  Land
  assessed value
  City
  of Syracuse - Assessment
 
 
  total_av
  Full
  assessed value
  City
  of Syracuse - Assessment
 
 
  Owner
  Property
  owner name (First, Initial, Last, Suffix)
  City
  of Syracuse - Assessment
 
 
  Add1_OwnPOBox
  Property
  owner mailing address (PO Box)
  City
  of Syracuse - Assessment
 
 
  Add2_OwnStAdd
  Property
  owner mailing address (street number, street name, street direction)
  City
  of Syracuse - Assessment
 
 
  Add3_OwnUnitInfo
  Property
  owner mailing address unit info (unit name, unit number)
  City
  of Syracuse - Assessment
 
 
  Add4_OwnCityStateZip
  Property
  owner mailing address (city, state or country, zip code)
  City
  of Syracuse - Assessment
 
 
  FRONT
  Front
  footage for square or rectangular shaped lots and the effective front feet on
  irregularly shaped lots in feet
  City
  of Syracuse - Assessment
 
 
  DEPTH
  Actual
  depth of rectangular shaped lots in feet (irregular lots are usually measured
  in acres or square feet)
  City
  of Syracuse - Assessment
 
 
  ACRES
  Number
  of acres (where values were 0, acreage calculated as FRONT*DEPTH)/43560)
  City
  of Syracuse - Assessment
 
 
  yr_built
  Year
  built. Where year built was &amp;quot;0&amp;quot; or null, effective year built is
  given. (Effective age is determined by comparing the physical condition of
  one building with that of other like-use, newer buildings. Effective age may
  or may not represent the actual year built; if there have been constant
  upgrades or excellent maintenance this may be more recent than the original
  year built.)
  City
  of Syracuse - Assessment
 
 
  n_ResUnits
  Number
  of residential units
  NA
  - Calculated field
 
 
  IPSVacant
  Is
  it a vacant structure? (&amp;quot;Commercial&amp;quot; or &amp;quot;Residential&amp;quot; =
  Yes; null = No)
  City
  of Syracuse  - Division of Code
  Enforcement
 
 
  IPS_Condition
  Property
  Condition Score assigned to vacant properties by housing inspectors during
  routine vacant inspections (1 = Worst; 5 = Best)
  City
  of Syracuse  - Division of Code
  Enforcement
 
 
  NREligible
  National
  Register of Historic Places Eligible (&amp;quot;NR Eligible (SHPO),&amp;quot; or
  &amp;quot;NR Listed&amp;quot;)
  City
  of Syracuse - Neighborhood and Business Development
 
 
  LPSS
  Locally
  Protected Site Status (&amp;quot;Eligible/Architecturally Significant&amp;quot; or
  &amp;quot;Local Protected Site or Local District&amp;quot;)
  City
  of Syracuse - Neighborhood and Business Development
 
 
  WTR_ACTIVE
  Water
  activity code (&amp;quot;I&amp;quot; = Inactive; &amp;quot;A&amp;quot; = Active)
  City
  of Syracuse - Water
 
 
  RNI
  Is
  property located in Resurgent Neighborhood Initiative (RNI) Area? (1 = Yes; 0
  = No)
  City
  of Syracuse - Neighborhood and Business Development
 
 
  DPW_Quad
  Geographic
  quadrant property is located in. Quadrants are divided Northwest, Northeast,
  Southwest, and Southeast based on property location in relation to I-81 and
  I-690. DPW uses the quad designation for some types of staff assignments.
  City
  of Syracuse - Department of Public Works
 
 
  DPW_Sani
  DPW
  sanitation trash and recycling pick-up day (trash service weekly, recycling
  biweekly)
  City
  of Syracuse - Department of Public Works
 
 
  DPW_Recycle
  DPW
  recycling biweekly pick-up group (either Week A or Week B), collection occurs
  every other week
  City
  of Syracuse - Department of Public Works
 
 
  TNT_NAME
  TNT
  Sector property is located in
  City
  of Syracuse - Neighborhood and Business Development
 
 
  NHOOD
  City
  Neighborhood
  Syracuse-Onondaga
  County Planning Agency (SOCPA)
 
 
  NRSA
  Is
  property located in Neighborhood Revitilization Strategy Area (NRSA)? (1 =
  Yes; 0 = No)
  City
  of Syracuse - Neighborhood and Business Development
 
 
  DOCE_Insp1
  Geographic
  boundary use to assign Division of Code Enforcement cases for housing
  inspectors
  City
  of Syracuse  - Division of Code
  Enforcement
 
 
  DOCE_Insp2
  Geographic
  boundary use to assign Division of Code Enforcement cases for building
  inspectors
  City
  of Syracuse  - Division of Code
  Enforcement
 
 
  DOCE_Permit
  Geographic
  boundary use to assign Division of Code Enforcement cases for permit
  inspectors
  City
  of Syracuse  - Division of Code
  Enforcement
 
 
  DOCE_Comm
  Geographic
  boundary use to assign Division of Code Enforcement cases for commercial and
  electrical inspectors
  City
  of Syracuse  - Division of Code
  Enforcement
 
 
  FIRE_DIST
  Fire
  engine districts
  City
  of Syracuse - Fire Department
 
 
  ZONE_DIST_PREV
  Former
  zoning district code
  Syracuse-Onondaga
  County Planning Agency (SOCPA)
 
 
  REZONE
  ReZone
  designation (adopted June 2023, last updated 2024-12-17)
  City
  of Syracuse - Neighborhood and Business Development
 
 
  CC_DIST
  Current
  Common Council District property is located in
  Onondaga
  County Board of Elections
 
 
  CTID_2020
  Census
  Tract ID (2020)
  U.S.
  Census Bureau
 
 
  CTLAB_2020
  Census
  Tract Label (2020)
  U.S.
  Census Bureau
 
 
  CT_2020
  Census
  Tract (2020)
  U.S.
  Census Bureau
 
 
  SpecNhood
  Is
  property located in a special Neighborhood historic preservation district? (1
  = Yes; 0 or null = No)
  Syracuse-Onondaga
  County Planning Agency (SOCPA)
 
 
  InPD
  Is
  property located in preservation district? (1 = Yes; 0 or null = No)
  Syracuse-Onondaga
  County Planning Agency (SOCPA)
 
 
  PDNAME
  Preservation
  District name
  Syracuse-Onondaga
  County Planning Agency (SOCPA)
 
 
  ELECT_DIST
  Election
  district number
  Onondaga
  County Board of Elections
 
 
  CITY_WARD
  City
  ward number
  Onondaga
  County Board of Elections
 
 
  COUNTY_LEG
  Onondaga
  County Legislative District number (as of Dec 2024)
  Onondaga
  County Board of Elections
 
 
  NYS_ASSEMB
  New
  York State Assembly District number (as of Dec 2024)
  Onondaga
  County Board of Elections
 
 
  NYS_SENATE
  New
  York State Senate District number (as of Dec 2024)
  Onondaga
  County Board of Elections
 
 
  US_CONGR
  United
  States Congressional District number
  Onondaga
  County Board of Elections
 
 
  LAT
  Parcel
  latitude (centroid y-coordinate) in decimal degrees
  NA
  - Calculated field
 
 
  LONG
  Parcel
  longitude (centroid x-coordinate) in decimal degrees
  NA
  - Calculated field
 </abstract>
            <purpose>Parcel file reflecting all tax map parcels in the City of Syracuse joined to parcel-level data from multiple city departments including Assessment (property type, parcel dimensions, ownership information, year built), Water (water activity), Neighborhood and Business Development (Code Enforcement monitored vacant structures, geographic designations, zoning designations, historic and locally protected sites). Parcel geometry provided by Onondaga County Planning in August 2024 (2023 finalized tax roll). City data extracted December 2024.</purpose>
        </descript>
        <keywords>
            <theme>
                <themekt>None</themekt>
                <themekey>syracuse</themekey>
                <themekey>tax parcels</themekey>
                <themekey>2024</themekey>
            </theme>
        </keywords>
        <accconst>None</accconst>
        <useconst>Terms of Use</useconst>
        <datacred>Onondaga County Planning; 
City of Syracuse Neighborhood and Business Development</datacred>
        <native>Esri ArcGIS 13.1.0.41833</native>
    </idinfo>
    <spdoinfo>
        <direct>Vector</direct>
        <ptvctinf>
            <sdtsterm>
                <sdtstype>GT-polygon composed of chains</sdtstype>
                <ptvctcnt>0</ptvctcnt>
            </sdtsterm>
        </ptvctinf>
    </spdoinfo>
    <eainfo>
        <detailed>
            <enttyp>
                <enttypl>QPD_2025-01-02_L1-ODP</enttypl>
            </enttyp>
            <attr>
                <attrlabl>FID</attrlabl>
                <attrdef>Internal feature number.</attrdef>
                <attrdefs>Esri</attrdefs>
                <attrdomv>
                                        
                    <udom>Sequential unique whole numbers that are automatically generated.</udom>
                                    
                </attrdomv>
            </attr>
            <attr>
                <attrlabl>Shape</attrlabl>
                <attrdef>Feature geometry.</attrdef>
                <attrdefs>Esri</attrdefs>
                <attrdomv>
                                        
                    <udom>Coordinates defining the features.</udom>
                                    
                </attrdomv>
            </attr>
            <attr>
                <attrlabl>TAX_ID</attrlabl>
            </attr>
            <attr>
                <attrlabl>SHAPE_Leng</attrlabl>
            </attr>
            <attr>
                <attrlabl>SHAPE_Area</attrlabl>
                <attrdef>Area of feature in internal units squared.</attrdef>
                <attrdefs>Esri</attrdefs>
                <attrdomv>
                                        
                    <udom>Positive real numbers that are automatically generated.</udom>
                                    
                </attrdomv>
            </attr>
            <attr>
                <attrlabl>TAX_ID_1</attrlabl>
            </attr>
            <attr>
                <attrlabl>PRINTKEY</attrlabl>
            </attr>
            <attr>
                <attrlabl>ADDRESSNUM</attrlabl>
            </attr>
            <attr>
                <attrlabl>ADDRESSNAM</attrlabl>
            </attr>
            <attr>
                <attrlabl>SBL</attrlabl>
            </attr>
            <attr>
                <attrlabl>PNUMBR</attrlabl>
            </attr>
            <attr>
                <attrlabl>StNum</attrlabl>
            </attr>
            <attr>
                <attrlabl>StName</attrlabl>
            </attr>
            <attr>
                <attrlabl>FullAddres</attrlabl>
            </attr>
            <attr>
                <attrlabl>Zip</attrlabl>
            </attr>
            <attr>
                <attrlabl>desc_1</attrlabl>
            </attr>
            <attr>
                <attrlabl>desc_2</attrlabl>
            </attr>
            <attr>
                <attrlabl>desc_3</attrlabl>
            </attr>
            <attr>
                <attrlabl>SHAPE_IND</attrlabl>
            </attr>
            <attr>
                <attrlabl>LUC_parcel</attrlabl>
            </attr>
            <attr>
                <attrlabl>LU_parcel</attrlabl>
            </attr>
            <attr>
                <attrlabl>LUCat_Old</attrlabl>
            </attr>
            <attr>
                <attrlabl>land_av</attrlabl>
            </attr>
            <attr>
                <attrlabl>total_av</attrlabl>
            </attr>
            <attr>
                <attrlabl>Owner</attrlabl>
            </attr>
            <attr>
                <attrlabl>Add1_OwnPO</attrlabl>
            </attr>
            <attr>
                <attrlabl>Add2_OwnSt</attrlabl>
            </attr>
            <attr>
                <attrlabl>Add3_OwnUn</attrlabl>
            </attr>
            <attr>
                <attrlabl>Add4_OwnCi</attrlabl>
            </attr>
            <attr>
                <attrlabl>FRONT</attrlabl>
            </attr>
            <attr>
                <attrlabl>DEPTH</attrlabl>
            </attr>
            <attr>
                <attrlabl>ACRES</attrlabl>
            </attr>
            <attr>
                <attrlabl>yr_built</attrlabl>
            </attr>
            <attr>
                <attrlabl>n_ResUnits</attrlabl>
            </attr>
            <attr>
                <attrlabl>IPSVacant</attrlabl>
            </attr>
            <attr>
                <attrlabl>IPS_Condit</attrlabl>
            </attr>
            <attr>
                <attrlabl>NREligible</attrlabl>
            </attr>
            <attr>
                <attrlabl>LPSS</attrlabl>
            </attr>
            <attr>
                <attrlabl>WTR_ACTIVE</attrlabl>
            </attr>
            <attr>
                <attrlabl>RNI</attrlabl>
            </attr>
            <attr>
                <attrlabl>DPW_Quad</attrlabl>
            </attr>
            <attr>
                <attrlabl>DPW_Sani</attrlabl>
            </attr>
            <attr>
                <attrlabl>DPW_Recycl</attrlabl>
            </attr>
            <attr>
                <attrlabl>TNT_NAME</attrlabl>
            </attr>
            <attr>
                <attrlabl>NHOOD</attrlabl>
            </attr>
            <attr>
                <attrlabl>NRSA</attrlabl>
            </attr>
            <attr>
                <attrlabl>DOCE_Insp1</attrlabl>
            </attr>
            <attr>
                <attrlabl>DOCE_Insp2</attrlabl>
            </attr>
            <attr>
                <attrlabl>DOCE_Permi</attrlabl>
            </attr>
            <attr>
                <attrlabl>DOCE_Comm</attrlabl>
            </attr>
            <attr>
                <attrlabl>FIRE_DIST</attrlabl>
            </attr>
            <attr>
                <attrlabl>ZONE_DIST_</attrlabl>
            </attr>
            <attr>
                <attrlabl>REZONE</attrlabl>
            </attr>
            <attr>
                <attrlabl>CC_DIST</attrlabl>
            </attr>
            <attr>
                <attrlabl>CTID_2020</attrlabl>
            </attr>
            <attr>
                <attrlabl>CTLAB_2020</attrlabl>
            </attr>
            <attr>
                <attrlabl>CT_2020</attrlabl>
            </attr>
            <attr>
                <attrlabl>SpecNhood</attrlabl>
            </attr>
            <attr>
                <attrlabl>InPD</attrlabl>
            </attr>
            <attr>
                <attrlabl>PDNAME</attrlabl>
            </attr>
            <attr>
                <attrlabl>ELECT_DIST</attrlabl>
            </attr>
            <attr>
                <attrlabl>CITY_WARD</attrlabl>
            </attr>
            <attr>
                <attrlabl>COUNTY_LEG</attrlabl>
            </attr>
            <attr>
                <attrlabl>NYS_ASSEMB</attrlabl>
            </attr>
            <attr>
                <attrlabl>NYS_SENATE</attrlabl>
            </attr>
            <attr>
                <attrlabl>US_CONGR</attrlabl>
            </attr>
        </detailed>
    </eainfo>
    <metainfo>
        <metd>20250102</metd>
        <metstdn>FGDC Content Standard for Digital Geospatial Metadata</metstdn>
        <metstdv>FGDC-STD-001-1998</metstdv>
        <mettc>local time</mettc>
    </metainfo>
</metadata>
